ENBTR60001	BTR-60 APC
ENBTR60002	BTR-60 APC
ENBTR60003	BTR-60 APC
ENBTR60004	BTR-60 APC
ENBTR60005	BTR-60 APC
ENBTR60006	BTR-60 APC
ENBTR60007	BTR-60 APC
ENBTR60008	BTR-60 APC
ENBTR80001	BTR-80 APC
ENBTR80002	BTR-80 APC
ENBTR80003	BTR-80 APC
ENBTR80004	BTR-80 APC
ENBTR80005	BTR-80 APC
ENBTR80006	BTR-80 APC
ENBTR80007	BTR-80 APC
ENCAESAR001	CAESAR SP Howitzer
ENCAESAR002	CAESAR SP Howitzer
ENCAESAR003	CAESAR SP Howitzer
ENCAESAR004	CAESAR SP Howitzer
ENCMD001	North Korean Soldier AK47
ENCMD002	North Korean Soldier AK47
ENGAZ001	GAZ-66 Truck
ENGAZ002	GAZ-66 Truck
ENGAZ003	GAZ-66 Truck
ENGAZ004	GAZ-66 Truck
ENINF001	North Korean Soldier AK47
ENINF002	North Korean Soldier AK47
ENINF003	North Korean Soldier AK47
ENINF004	North Korean Soldier AK47
ENINF005	North Korean Soldier AK47
ENINF006	North Korean Soldier AK47
ENINF007	North Korean Soldier AK47
ENINF008	North Korean Soldier AK47
ENINF009	North Korean Soldier AK47
ENINF010	North Korean Soldier AK47
ENINF011	North Korean Soldier AK47
ENINF012	North Korean Soldier AK47
ENINF013	North Korean Soldier AK47
ENINF014	North Korean Soldier AK47
ENINF015	North Korean Soldier AK47
ENINF016	North Korean Soldier AK47
ENINF017	North Korean Soldier AK47
ENINF018	North Korean Soldier AK47
ENINF019	North Korean Soldier AK47
ENINF020	North Korean Soldier AK47
ENINF021	North Korean Soldier AK47
ENINF022	North Korean Soldier AK47
ENINF023	North Korean Soldier AK47
ENINF024	North Korean Soldier AK47
ENINF025	North Korean Soldier AK47
ENINF026	North Korean Soldier AK47
ENINF027	North Korean Soldier AK47
ENINF028	North Korean Soldier AK47
ENINF029	North Korean Soldier AK47
ENINF030	North Korean Soldier AK47
ENINF031	North Korean Soldier AK47
ENINF032	North Korean Soldier AK47
ENINF033	North Korean Soldier AK47
ENINF034	North Korean Soldier AK47
ENINF035	North Korean Soldier AK47
ENINF036	North Korean Soldier AK47
ENINF037	North Korean Soldier AK47
ENINF038	North Korean Soldier AK47
ENINF039	North Korean Soldier AK47
ENINF040	North Korean Soldier AK47
ENINF041	North Korean Soldier AK47
ENINF042	North Korean Soldier AK47
ENINF043	North Korean Soldier AK47
ENINF044	North Korean Soldier AK47
ENINF045	North Korean Soldier AK47
ENINF046	North Korean Soldier AK47
ENINF047	North Korean Soldier AK47
ENINF048	North Korean Soldier AK47
ENINF049	North Korean Soldier AK47
ENINF050	North Korean Soldier AK47
ENINF051	North Korean Soldier AK47
ENINF052	North Korean Soldier AK47
ENINF053	North Korean Soldier AK47
ENINF054	North Korean Soldier AK47
ENINF055	North Korean Soldier AK47
ENINF056	North Korean Soldier AK47
ENINF057	North Korean Soldier AK47
ENINF058	North Korean Soldier AK47
ENINF059	North Korean Soldier AK47
ENINF060	North Korean Soldier AK47
ENINF061	North Korean Soldier AK47
ENINF062	North Korean Soldier AK47
ENINF063	North Korean Soldier AK47
ENINF064	North Korean Soldier AK47
ENINF065	North Korean Soldier AK47
ENINF066	North Korean Soldier AK47
ENINF067	North Korean Soldier AK47
ENINF068	North Korean Soldier AK47
ENINF069	North Korean Soldier AK47
ENINF070	North Korean Soldier AK47
ENINF071	North Korean Soldier AK47
ENINF072	North Korean Soldier AK47
ENINF073	North Korean Soldier AK47
ENINF074	North Korean Soldier AK47
ENINF075	North Korean Soldier AK47
ENINF076	North Korean Soldier AK47
ENINF077	North Korean Soldier AK47
ENINF078	North Korean Soldier AK47
ENINF079	North Korean Soldier AK47
ENINF080	North Korean Soldier AK47
ENINF081	North Korean Soldier AK47
ENINF082	North Korean Soldier AK47
ENINF083	North Korean Soldier AK47
ENINF084	North Korean Soldier AK47
ENINF085	North Korean Soldier AK47
ENINF086	North Korean Soldier AK47
ENINF087	North Korean Soldier AK47
ENINF088	North Korean Soldier AK47
ENINF089	North Korean Soldier AK47
ENINF090	North Korean Soldier AK47
ENINF091	North Korean Soldier AK47
ENINF092	North Korean Soldier AK47
ENINF093	North Korean Soldier AK47
ENINF094	North Korean Soldier AK47
ENINF095	North Korean Soldier AK47
ENINF096	North Korean Soldier AK47
ENINF097	North Korean Soldier AK47
ENINF098	North Korean Soldier AK47
ENINF099	North Korean Soldier AK47
ENINF100	North Korean Soldier AK47
ENM1A2001	M1A2 Abrams MBT
ENM1A2002	M1A2 Abrams MBT
ENM1A2003	M1A2 Abrams MBT
ENM1A2004	M1A2 Abrams MBT
ENM1A2005	M1A2 Abrams MBT
ENM35001	M35 Truck
ENM35002	M35 Truck
ENM35003	M35 Truck
ENM35004	M35 Truck
ENMIM001	MIM-104 Patriot Launcher
ENMORT001	MO-120RT-61 Mortar
ENMORT002	MO-120RT-61 Mortar
ENMORT003	MO-120RT-61 Mortar
ENMORT004	MO-120RT-61 Mortar
ENMORT005	MO-120RT-61 Mortar
ENSA7001	PRK RPG7
ENSA7002	PRK RPG7
ENSA7003	PRK RPG7
ENSA7004	PRK RPG7
ENSA7005	PRK RPG7
ENSA7006	PRK RPG7
ENSA7007	PRK RPG7
ENSA7008	PRK RPG7
ENSA7009	PRK RPG7
ENSA7010	PRK RPG7
ENSA7011	PRK RPG7
ENSA7012	PRK RPG7
ENSA7013	PRK RPG7
ENSA7014	PRK RPG7
ENSA7015	PRK RPG7
ENSNP001	North Korean Soldier AK47
ENSNP002	North Korean Soldier AK47
ENSNP003	North Korean Soldier AK47
ENSNP004	North Korean Soldier AK47
ENSNP005	North Korean Soldier AK47
ENSNP006	North Korean Soldier AK47
ENSNP007	North Korean Soldier AK47
ENSNP008	North Korean Soldier AK47
ENSNP009	North Korean Soldier AK47
ENSNP010	North Korean Soldier AK47
ENT72001	T-72 MBT
ENT72002	T-72 MBT
ENT72003	T-72 MBT
ENT72004	T-72 MBT
ENT72005	T-72 MBT
ENT72006	T-72 MBT
ENT72007	T-72 MBT
ENT72008	T-72 MBT
ENT72009	T-72 MBT
ENT72010	T-72 MBT
ENT72011	T-72 MBT
ENT72012	T-72 MBT
FRAHS001	AHS Krab Howitzer
FRAHS002	AHS Krab Howitzer
FRAT001	PRK AT-4
FRAT002	PRK AT-4
FRAT003	PRK AT-4
FRAT004	PRK AT-4
FRAT005	PRK AT-4
FRAT006	PRK AT-4
FRAT007	PRK AT-4
FRAT008	PRK AT-4
FRAT009	PRK AT-4
FRAT010	PRK AT-4
FRAT011	PRK AT-4
FRAT012	PRK AT-4
FRCMD001	Colombian Naval Infantry
FRCMD002	Colombian Naval Infantry
FRINF001	Colombian Naval Infantry
FRINF002	Colombian Naval Infantry
FRINF003	Colombian Naval Infantry
FRINF004	Colombian Naval Infantry
FRINF005	Colombian Naval Infantry
FRINF006	Colombian Naval Infantry
FRINF007	Colombian Naval Infantry
FRINF008	Colombian Naval Infantry
FRINF009	Colombian Naval Infantry
FRINF010	Colombian Naval Infantry
FRINF011	Colombian Naval Infantry
FRINF012	Colombian Naval Infantry
FRINF013	Colombian Naval Infantry
FRINF014	Colombian Naval Infantry
FRINF015	Colombian Naval Infantry
FRINF016	Colombian Naval Infantry
FRINF017	Colombian Naval Infantry
FRINF018	Colombian Naval Infantry
FRINF019	Colombian Naval Infantry
FRINF020	Colombian Naval Infantry
FRINF021	Colombian Naval Infantry
FRINF022	Colombian Naval Infantry
FRINF023	Colombian Naval Infantry
FRINF024	Colombian Naval Infantry
FRINF025	Colombian Naval Infantry
FRINF026	Colombian Naval Infantry
FRINF027	Colombian Naval Infantry
FRINF028	Colombian Naval Infantry
FRINF029	Colombian Naval Infantry
FRINF030	Colombian Naval Infantry
FRINF031	Colombian Naval Infantry
FRINF032	Colombian Naval Infantry
FRINF033	Colombian Naval Infantry
FRINF034	Colombian Naval Infantry
FRINF035	Colombian Naval Infantry
FRINF036	Colombian Naval Infantry
FRINF037	Colombian Naval Infantry
FRINF038	Colombian Naval Infantry
FRINF039	Colombian Naval Infantry
FRINF040	Colombian Naval Infantry
FRINF041	Colombian Naval Infantry
FRINF042	Colombian Naval Infantry
FRINF043	Colombian Naval Infantry
FRINF044	Colombian Naval Infantry
FRINF045	Colombian Naval Infantry
FRINF046	Colombian Naval Infantry
FRINF047	Colombian Naval Infantry
FRINF048	Colombian Naval Infantry
FRINF049	Colombian Naval Infantry
FRINF050	Colombian Naval Infantry
FRINF051	Colombian Naval Infantry
FRINF052	Colombian Naval Infantry
FRINF053	Colombian Naval Infantry
FRINF054	Colombian Naval Infantry
FRINF055	Colombian Naval Infantry
FRINF056	Colombian Naval Infantry
FRINF057	Colombian Naval Infantry
FRINF058	Colombian Naval Infantry
FRINF059	Colombian Naval Infantry
FRINF060	Colombian Naval Infantry
FRLAV001	LAV III APC
FRLAV002	LAV III APC
FRLAV003	LAV III APC
FRLAV004	LAV III APC
FRLAV005	LAV III APC
FRLAV006	LAV III APC
FRLAV007	LAV III APC
FRLAV008	LAV III APC
FRM109001	M109 Howitzer
FRM109002	M109 Howitzer
FRM109003	M109 Howitzer
FRM109004	M109 Howitzer
FRM113001	M113 APC
FRM113002	M113 APC
FRM113003	M113 APC
FRM113004	M113 APC
FRM113005	M113 APC
FRM113006	M113 APC
FRM113007	M113 APC
FRMORT001	MO-120RT-61 Mortar
FRMORT002	MO-120RT-61 Mortar
FRMORT003	MO-120RT-61 Mortar
FRRPG001	PRK AT-4
FRRPG002	PRK AT-4
FRRPG003	PRK AT-4
FRRPG004	PRK AT-4
FRRPG005	PRK AT-4
FRRPG006	PRK AT-4
FRRPG007	PRK AT-4
FRRPG008	PRK AT-4
FRRPG009	PRK AT-4
FRRPG010	PRK AT-4
FRSNP001	Colombian Naval Infantry
FRSNP002	Colombian Naval Infantry
FRSNP003	Colombian Naval Infantry
FRSNP004	Colombian Naval Infantry
FRSNP005	Colombian Naval Infantry
FRSNP006	Colombian Naval Infantry
FRSNP007	Colombian Naval Infantry
FRSNP008	Colombian Naval Infantry
FRT69001	T-69 MBT
FRT69002	T-69 MBT
FRT69003	T-69 MBT
FRT69004	T-69 MBT
FRT69005	T-69 MBT
FRT69006	T-69 MBT
FRT69007	T-69 MBT
FRT69008	T-69 MBT
FRT69009	T-69 MBT
FRT69010	T-69 MBT
FRT80001	T-80 MBT
FRT80002	T-80 MBT
FRT80003	T-80 MBT
FRT80004	T-80 MBT
FRT80005	T-80 MBT
FRT80006	T-80 MBT
FRT80007	T-80 MBT
FRT80008	T-80 MBT
FRTRK1001	M1028 FMTV Canvas Cargo Truck
FRTRK1002	M1028 FMTV Canvas Cargo Truck
FRTRK1003	M1028 FMTV Canvas Cargo Truck
FRTRK1004	M1028 FMTV Canvas Cargo Truck
FRTRK1005	M1028 FMTV Canvas Cargo Truck
FRTRK2001	M1083A1 FMTV Flatbed Truck
FRTRK2002	M1083A1 FMTV Flatbed Truck
FRTRK2003	M1083A1 FMTV Flatbed Truck
FRTRK2004	M1083A1 FMTV Flatbed Truck
FRZPU001	ZPU-4 AA Gun
FRZPU002	ZPU-4 AA Gun
FRZPU003	ZPU-4 AA Gun
LOC_남측제1방어선	
LOC_동측능선	
LOC_동측측방접근로	
LOC_목표A남측	
LOC_북측예비방어선	
LOC_북측전방방어선	
LOC_서측능선	
LOC_아군박격포진지	
LOC_아군포병진지	
LOC_아군후방지휘소	
LOC_적박격포진지	
LOC_적북측접근로	
LOC_적전방방어선후방	
LOC_적포병진지	
LOC_적후방보급집결지	
LOC_중앙계곡	
LOC_중앙킬존	
LOC_중앙킬존남측	
