LOC_남측고지관측소	-1338.227	351.706
LOC_남측제1방어선	423.814	838.097
LOC_남측제1방어선전방	365.324	595.040
LOC_남측제2방어선	137.597	1193.647
LOC_동측능선	-1051.004	-436.158
LOC_동측측방접근로	-965.094	-723.592
LOC_목표A	-809.204	-85.856
LOC_목표A남측	-880.802	153.669
LOC_목표B	-709.968	402.993
LOC_북측관측소	-144.254	-1015.057
LOC_북측예비방어선	5.414	-628.803
LOC_북측전방방어선	-136.009	-399.000
LOC_서측능선	1128.567	194.614
LOC_아군박격포진지	619.092	1335.925
LOC_아군포병진지	612.144	1798.610
LOC_아군후방보급집결지	-760.078	1004.645
LOC_아군후방지휘소	-760.628	1250.082
LOC_적박격포진지	622.214	-498.339
LOC_적북측접근로	147.180	-855.540
LOC_적북측지휘소	767.391	-752.446
LOC_적북측집결지	277.392	-1136.585
LOC_적전방방어선후방	-64.411	-638.524
LOC_적포병진지	1184.692	-1303.499
LOC_적후방보급집결지	1050.715	-633.376
LOC_중앙계곡	225.177	12.565
LOC_중앙계곡북측	283.667	255.633
LOC_중앙킬존	-182.106	520.879
LOC_중앙킬존남측	-337.530	197.593
LOC_포병진지또는방어선후방	540.556	2038.135
